destination_id,skill_id,required_level,importance
ai-ml-engineer,python,Intermediate,core
ai-ml-engineer,git,Beginner,supporting
ai-ml-engineer,data-structures,Intermediate,core
ai-ml-engineer,linear-algebra,Intermediate,core
ai-ml-engineer,statistics,Intermediate,core
ai-ml-engineer,sql,Intermediate,core
ai-ml-engineer,data-analysis,Intermediate,core
ai-ml-engineer,machine-learning,Advanced,core
ai-ml-engineer,deep-learning,Intermediate,core
ai-ml-engineer,mlops,Beginner,supporting
ai-ml-engineer,cloud-basics,Beginner,supporting
ai-ml-engineer,nlp,Beginner,optional
ai-ml-engineer,computer-vision,Beginner,optional
software-engineer,python,Intermediate,core
software-engineer,git,Beginner,supporting
software-engineer,data-structures,Intermediate,core
software-engineer,algorithms,Intermediate,core
software-engineer,oop,Intermediate,core
software-engineer,sql,Intermediate,core
software-engineer,os-fundamentals,Intermediate,core
software-engineer,computer-networks,Intermediate,core
software-engineer,backend-apis,Intermediate,core
software-engineer,testing,Beginner,supporting
software-engineer,system-design,Intermediate,core
software-engineer,cloud-basics,Beginner,supporting
cybersecurity-engineer,python,Intermediate,core
cybersecurity-engineer,git,Beginner,supporting
cybersecurity-engineer,data-structures,Intermediate,core
cybersecurity-engineer,computer-networks,Intermediate,core
cybersecurity-engineer,os-fundamentals,Intermediate,core
cybersecurity-engineer,html-css,Beginner,supporting
cybersecurity-engineer,sql,Intermediate,core
cybersecurity-engineer,cryptography,Intermediate,core
cybersecurity-engineer,network-security,Intermediate,core
cybersecurity-engineer,web-security,Intermediate,core
cybersecurity-engineer,ethical-hacking,Intermediate,core
cybersecurity-engineer,incident-response,Beginner,supporting
mtech-gate,python,Intermediate,supporting
mtech-gate,engineering-math,Advanced,core
mtech-gate,discrete-math,Intermediate,core
mtech-gate,digital-logic,Intermediate,core
mtech-gate,comp-org,Intermediate,core
mtech-gate,toc,Intermediate,core
mtech-gate,compiler-design,Beginner,supporting
mtech-gate,data-structures,Intermediate,core
mtech-gate,algorithms,Advanced,core
mtech-gate,os-fundamentals,Intermediate,core
mtech-gate,dbms,Intermediate,core
mtech-gate,computer-networks,Intermediate,core
mtech-gate,gate-aptitude,Beginner,supporting
mtech-gate,gate-practice,Advanced,core
foreign-studies-ms,gre-quant,Advanced,core
foreign-studies-ms,gre-verbal,Beginner,supporting
foreign-studies-ms,english-test,Intermediate,core
foreign-studies-ms,research-exposure,Intermediate,core
foreign-studies-ms,university-shortlist,Beginner,supporting
foreign-studies-ms,sop-writing,Intermediate,core
foreign-studies-ms,application-docs,Beginner,supporting
foreign-studies-ms,funding-visa,Beginner,supporting
mba-tech-mgmt,quant-aptitude,Advanced,core
mba-tech-mgmt,logical-reasoning,Advanced,core
mba-tech-mgmt,verbal-ability,Intermediate,core
mba-tech-mgmt,data-interpretation,Intermediate,core
mba-tech-mgmt,business-fundamentals,Beginner,supporting
mba-tech-mgmt,cat-mocks,Advanced,core
mba-tech-mgmt,gd-pi,Beginner,supporting
civil-services-ias,polity,Advanced,core
civil-services-ias,indian-history,Intermediate,core
civil-services-ias,geography,Intermediate,core
civil-services-ias,economy,Intermediate,core
civil-services-ias,environment,Intermediate,core
civil-services-ias,current-affairs,Advanced,core
civil-services-ias,ethics,Intermediate,core
civil-services-ias,csat,Beginner,supporting
civil-services-ias,essay-writing,Intermediate,core
civil-services-ias,answer-writing,Advanced,core
civil-services-ias,prelims-mocks,Advanced,core
research-phd,research-methods,Intermediate,core
research-phd,literature-review,Intermediate,core
research-phd,academic-writing,Intermediate,core
research-phd,research-proposal,Advanced,core
research-phd,statistics,Intermediate,core
research-phd,linear-algebra,Intermediate,core
research-phd,publication-record,Advanced,core
research-phd,faculty-outreach,Beginner,supporting
