opportunity_id,title,organization,type,description,deadline,stipend_or_prize,location,eligibility,url,official_url,source_url,source_name,source_type,source_trust,retrieval_method,mode,destinations,tags,skills,domains,min_year,max_year,eligible_branches,cgpa_requirement,featured,trending_score,posted_date
sih-2026,Smart India Hackathon (SIH 2026),Ministry of Education & AICTE,Hackathon,World's biggest open innovation hackathon.,Rolling (Sept-Nov),"₹1,00,000 / problem",Pan-India,UG/PG Engineering,https://www.sih.gov.in,https://www.sih.gov.in,https://www.sih.gov.in,Ministry of Education / AICTE,Government,official,manual_curated,Hybrid,all;software-engineer;ai-ml-engineer;cybersecurity-engineer,National;Ministry;Flagship,python;cpp;html-css;sql;data-structures,Software Engineering;Artificial Intelligence;Cybersecurity,1,4,Information Technology;Computer Science;All Engineering Branches,0.0,True,99,2026-09-01
kavach-cyber-2026,Kavach Cybersecurity Grand Challenge,MHA & AICTE,Hackathon,National cybersecurity threat detection challenge.,Annual Cohort,"₹20,00,000 pool",National Police Academy & Virtual,Higher Education Students,https://kavach.mic.gov.in,https://kavach.mic.gov.in,https://kavach.mic.gov.in,Ministry of Home Affairs / AICTE,Government,official,manual_curated,Hybrid,cybersecurity-engineer;software-engineer,Cyber Defence;Forensics,linux;git;cpp;python;networking,Cybersecurity;Networks,1,4,Information Technology;Computer Science;Electronics,0.0,True,96,2026-08-15
amazon-ml-summer-school,Amazon ML Summer School 2026,Amazon Science India,Internship,Frontier ML curriculum taught by Amazon Scientists.,June-July,Free + Direct Interview Slot,Virtual Classroom,Pre-final/Final Year,https://www.amazon.science,https://www.amazon.science,https://www.amazon.science,Amazon Science,Corporate,official,manual_curated,Online,ai-ml-engineer;software-engineer;research-phd,Frontier AI;Amazon,python;linear-algebra;statistics;machine-learning;deep-learning,Artificial Intelligence;Machine Learning,2,4,Information Technology;Computer Science;Electronics;Mathematics,7.0,True,98,2026-05-10
google-solution-challenge,Google Solution Challenge,Google Developer Student Clubs,Hackathon,Annual challenge solving UN SDGs using Google tech.,March annually,"$3,000 / member",Global,Active Students,https://developers.google.com/community/gdsc-solution-challenge,https://developers.google.com/community/gdsc-solution-challenge,https://developers.google.com/community/gdsc-solution-challenge,Google Developers,Corporate,official,manual_curated,Online,software-engineer;ai-ml-engineer;all,Google;UN SDGs,html-css;javascript;python;git,Software Engineering;Cloud Computing,1,4,All Engineering Branches;Information Technology;Computer Science,0.0,False,88,2026-01-10
flipkart-grid,Flipkart GRiD 6.0 Engineering Challenge,Flipkart Labs,Hackathon,Flagship e-commerce scale problem solving.,July-August,"₹5,00,000 + PPIs",Virtual / Bengaluru,B.Tech/M.Tech,https://unstop.com/hackathons/flipkart-grid,https://unstop.com/hackathons/flipkart-grid,https://unstop.com/hackathons/flipkart-grid,Flipkart Labs via Unstop,Corporate,recognized,manual_curated,Online,software-engineer;ai-ml-engineer;cybersecurity-engineer,E-Commerce;PPIs,data-structures;cpp;python;sql,Software Engineering;E-Commerce,1,4,Information Technology;Computer Science;Circuit Branches,0.0,False,91,2026-06-01
ethindia,ETHIndia Global Hackathon,Devfolio & Ethereum Foundation,Hackathon,Asia's biggest decentralized protocol hackathon.,December annually,"$100,000+ pool",Bengaluru,Open to all,https://ethindia.co,https://ethindia.co,https://ethindia.co,Devfolio & Ethereum Foundation,Foundation,official,manual_curated,In-person,software-engineer;cybersecurity-engineer,Cryptography;Web3,javascript;cpp;git;linux,Cryptography;Distributed Systems,1,4,All Engineering Branches,0.0,False,86,2026-09-15
gsoc-2026,Google Summer of Code (GSoC),Google Open Source,Internship,12-22 week open source mentored fellowship.,March annually,"$1,500 - $3,000",Remote,18+ worldwide,https://summerofcode.withgoogle.com,https://summerofcode.withgoogle.com,https://summerofcode.withgoogle.com,Google Open Source,Corporate,official,manual_curated,Online,software-engineer;ai-ml-engineer;cybersecurity-engineer;research-phd,Open Source;Global,git;python;cpp;linux,Open Source;Software Engineering,1,4,All Engineering Branches,0.0,True,97,2026-02-01
drdo-isro-internship,DRDO & ISRO Student Apprenticeship,DRDO / ISRO,Internship,"Avionics, cryptographic protocols, satellite ML.",Summer & Winter,Govt Certificate + Sponsor,National Labs,CGPA > 7.5,https://www.isro.gov.in/Internship.html,https://www.isro.gov.in/Internship.html,https://www.isro.gov.in/Internship.html,ISRO Official Portal,Government,official,manual_curated,In-person,cybersecurity-engineer;mtech-gate;research-phd;ai-ml-engineer,Defence;Aerospace,cpp;linux;python;linear-algebra,Aerospace;Cybersecurity;Embedded Systems,2,4,Information Technology;Computer Science;Electronics,7.5,True,94,2026-08-01
microsoft-research-fellow,Microsoft Research India Fellows Program,Microsoft Research (MSR),Internship,1-2 year full-time research fellowship before PhD.,Nov-Jan,₹12-16 LPA equivalent,Bengaluru Lab,Graduating Seniors,https://www.microsoft.com/en-us/research/lab/microsoft-research-india/,https://www.microsoft.com/en-us/research/lab/microsoft-research-india/,https://www.microsoft.com/en-us/research/lab/microsoft-research-india/,Microsoft Research India,Corporate,official,manual_curated,Hybrid,research-phd;ai-ml-engineer;foreign-studies-ms,Frontier AI;Systems,python;statistics;linear-algebra;machine-learning,Artificial Intelligence;Theoretical Computer Science,3,4,Information Technology;Computer Science;Mathematics;Electronics,8.0,True,95,2026-09-01
iasc-srfp,Indian Academy of Sciences Summer Fellowship,"IASc, INSA, NASI",Internship,2-month premier research fellowship under Academy Fellows.,November annually,"₹12,500/mo + train fare","IISc, IITs, TIFR",2nd/3rd Year >65%,https://web-japps.ias.ac.in/fellowship2024/,https://web-japps.ias.ac.in/fellowship2024/,https://web-japps.ias.ac.in/fellowship2024/,Indian Academy of Sciences,University,official,manual_curated,In-person,research-phd;mtech-gate;foreign-studies-ms,Academic Rigor;Premier Labs,python;statistics;data-structures,Academic Research;Computer Science,2,3,Information Technology;Computer Science;Sciences,6.5,False,85,2026-09-10
pmrf-fellowship,Prime Minister's Research Fellowship (PMRF),Ministry of Education (Govt of India),Research,Highest-paying doctoral fellowship in India.,Bi-annual,"₹70,00,000 grant + ₹80k/mo","IITs, IISc, IISERs",CGPA >= 8.0 or GATE,https://www.pmrf.in,https://www.pmrf.in,https://www.pmrf.in,Ministry of Education,Government,official,manual_curated,In-person,research-phd;mtech-gate,Elite Scheme;₹80k/mo,mathematics;statistics;python;linear-algebra,Research;Frontier Science,3,4,Information Technology;Computer Science;All Engineering Branches,8.0,True,98,2026-08-01
daad-wise,DAAD WISE Research Internships,DAAD Germany,Research,Funded 2-3 month research at German public universities.,November annually,"€934/mo + €1,050 travel","Germany (TUM, RWTH)",5th/6th Semester B.Tech,https://www.daad.in,https://www.daad.in,https://www.daad.in,DAAD Germany,University,official,manual_curated,In-person,foreign-studies-ms;research-phd,Germany;Euro Stipend,python;cpp;data-structures,Computer Science;Engineering Research,3,3,Information Technology;Computer Science;Circuit Branches,8.5,True,92,2026-08-15
ieee-acm-src,ACM / IEEE Student Research Competitions,ACM & IEEE Computer Society,Research,Present original research papers at major global conferences.,Conference calls,$500 travel + $500 medal,Global Venues,Undergrad members,https://src.acm.org,https://src.acm.org,https://src.acm.org,ACM Official Portal,University,official,manual_curated,Hybrid,research-phd;foreign-studies-ms,Publication;Travel Grant,python;statistics,Academic Research;Computer Science,1,4,All Engineering Branches,0.0,False,84,2026-07-20
idex-defence,iDEX Student Defence Open Challenge,Ministry of Defence & DIO,Incubator,Up to ₹1.5 Crore grant for defence hardware & software.,Rolling Calls,Up to ₹1.5 Cr Grant,"Partner TBIs (IITM, SINE)",Students & MSMEs,https://idex.gov.in,https://idex.gov.in,https://idex.gov.in,Ministry of Defence (iDEX),Government,official,manual_curated,Hybrid,cybersecurity-engineer;mba-tech-mgmt;software-engineer,Defence Grant;₹1.5 Cr,cpp;linux;python,Defence Tech;Cybersecurity;Embedded Systems,1,4,All Engineering Branches,0.0,True,97,2026-09-25
hult-prize,Hult Prize Student Enterprise Challenge,Hult Prize & United Nations,Incubator,The Nobel prize for student social entrepreneurs.,Oct-Dec campus rounds,"$1,000,000 Seed Prize",Global Accelerator,Teams of 3-4,https://www.hultprize.org,https://www.hultprize.org,https://www.hultprize.org,Hult Prize Foundation,Foundation,official,manual_curated,Hybrid,mba-tech-mgmt;all,UN Partnered;$1M Seed,html-css;javascript,Product Management;Social Entrepreneurship,1,4,All Engineering Branches;Management;Sciences,0.0,True,95,2026-09-01
nidhi-eir,DST NIDHI-EIR Scheme,DST (Govt of India),Incubator,Founder stipend for engineering graduates exploring startups.,Quarterly intake,"₹30,00,000 / 18 mo",DST Incubators,Indian Graduates,https://nidhi-eir.uk/home/,https://nidhi-eir.uk/home/,https://nidhi-eir.uk/home/,Department of Science & Technology,Government,official,manual_curated,Hybrid,mba-tech-mgmt;software-engineer;all,Founder Stipend;No Equity,python;git;sql,Startups;Technology Commercialization,3,4,Information Technology;Computer Science;All Engineering Branches,0.0,False,89,2026-08-10
yc-startup-school,Y Combinator Startup School,Y Combinator,Incubator,World-class startup curriculum & founder matching.,Year-round,"$500,000 batch pipeline",Online / San Francisco,Anyone building tech,https://www.startupschool.org,https://www.startupschool.org,https://www.startupschool.org,Y Combinator,Corporate,official,manual_curated,Online,mba-tech-mgmt;software-engineer;ai-ml-engineer,Silicon Valley;YC,python;javascript;git,Startups;SaaS;Venture Capital,1,4,All Engineering Branches,0.0,False,93,2026-01-01
tata-crucible,Tata Crucible Campus Hackathon,Tata Sons,Competition,Collegiate business strategy and architecture challenge.,Annual Oct-Dec,"₹2,50,000 + PPIs",Pan-India / Mumbai,Full-time students,https://tatacrucible.com,https://tatacrucible.com,https://tatacrucible.com,Tata Group,Corporate,official,manual_curated,Hybrid,mba-tech-mgmt;software-engineer;all,Tata Group;Fast-track,data-structures;python,Business Strategy;Enterprise Architecture,1,4,All Engineering Branches,0.0,False,87,2026-09-01
