skill_id,prerequisite_id,dependency_strength
data-structures,python,1.0
statistics,linear-algebra,1.0
sql,data-structures,1.0
data-analysis,python,1.0
data-analysis,sql,1.0
data-analysis,statistics,1.0
machine-learning,python,1.0
machine-learning,data-structures,1.0
machine-learning,statistics,1.0
machine-learning,linear-algebra,1.0
machine-learning,data-analysis,1.0
deep-learning,machine-learning,1.0
deep-learning,linear-algebra,1.0
nlp,deep-learning,1.0
computer-vision,deep-learning,1.0
mlops,machine-learning,1.0
mlops,git,1.0
cloud-basics,git,1.0
algorithms,data-structures,1.0
oop,python,1.0
backend-apis,oop,1.0
backend-apis,sql,1.0
testing,oop,1.0
testing,git,1.0
system-design,backend-apis,1.0
system-design,computer-networks,1.0
system-design,algorithms,1.0
cryptography,computer-networks,1.0
network-security,computer-networks,1.0
web-security,html-css,1.0
web-security,sql,1.0
ethical-hacking,network-security,1.0
ethical-hacking,os-fundamentals,1.0
ethical-hacking,web-security,1.0
incident-response,network-security,1.0
incident-response,os-fundamentals,1.0
comp-org,digital-logic,1.0
toc,discrete-math,1.0
compiler-design,toc,1.0
gate-practice,algorithms,1.0
gate-practice,os-fundamentals,1.0
gate-practice,comp-org,1.0
gate-practice,toc,1.0
gate-practice,dbms,1.0
gate-practice,engineering-math,1.0
university-shortlist,research-exposure,1.0
sop-writing,research-exposure,1.0
application-docs,university-shortlist,1.0
application-docs,sop-writing,1.0
funding-visa,university-shortlist,1.0
data-interpretation,quant-aptitude,1.0
data-interpretation,logical-reasoning,1.0
cat-mocks,data-interpretation,1.0
cat-mocks,verbal-ability,1.0
gd-pi,business-fundamentals,1.0
environment,geography,1.0
current-affairs,polity,1.0
current-affairs,economy,1.0
ethics,polity,1.0
essay-writing,current-affairs,1.0
answer-writing,ethics,1.0
answer-writing,essay-writing,1.0
answer-writing,indian-history,1.0
prelims-mocks,csat,1.0
prelims-mocks,current-affairs,1.0
prelims-mocks,environment,1.0
prelims-mocks,indian-history,1.0
prelims-mocks,geography,1.0
literature-review,research-methods,1.0
academic-writing,research-methods,1.0
research-proposal,literature-review,1.0
research-proposal,academic-writing,1.0
publication-record,research-proposal,1.0
publication-record,statistics,1.0
faculty-outreach,research-proposal,1.0
